{
  "title": "New Scenario Template",
  "description": "A simple scenario example.",
  "difficulty": "Beginner",
  "time": "3 minutes",
  "details": {
    "steps": [
      {
        "title": "Step 1",
        "text": "step1.md"
      },
      {
        "title": "Step 2",
        "text": "step2.md"
      },
      {
        "title": "Step 3",
        "text": "step3.md"
      }
    ],
    "intro": {
      "text": "intro.md",
      "code": "foreground.sh"
    },
    "finish": {
      "text": "finish.md"
    }
  },
  "environment": {
    "uilayout": "terminal"
  },
  "backend": {
    "imageid": "ubuntu:2004"
  }
}