{
    "type": "challenge@0.7",
    "title": "Skills Challenge Template",
    "description": "Basic template for a skills challenge",
    "difficulty": "Beginner",
    "time": "5 minutes",
    "details": {
        "steps": [
            {
                "title": "Task 1 - Bananas",
                "text": "1_task.md",
                "verify": "1_verify.sh",
                "hint": "1_hint.sh"
            },
            {
                "title": "Task 2 - Apples",
                "text": "2_task.md",
                "verify": "2_verify.sh",
                "hint": "2_hint.sh"
            }
        ],
        "intro": {
            "text": "intro.md"
        },
        "finish": {
            "text": "finish.md"
        },
        "assets": {
            "client": [
                { "file": "*", "target": "~/" }
            ]
        }
    },
    "environment": {
        "uilayout": "editor-terminal",
        "hideHiddenFiles": true
    },
    "backend": {
        "imageid": "ubuntu:2004"
    }
}